file_name,true_label,true_class,logit,probability_PNEUMONIA,probability_NORMAL,pred_label,pred_class
train_1352.png,1,PNEUMONIA,-1.8311200141906738,0.1381049007177353,0.8618950992822647,0,NORMAL
train_1422.png,1,PNEUMONIA,-1.89778733253479,0.13035911321640015,0.8696408867835999,0,NORMAL
train_1423.png,1,PNEUMONIA,-2.013828754425049,0.1177586242556572,0.8822413757443428,0,NORMAL
train_1425.png,1,PNEUMONIA,-0.3310956358909607,0.4179740846157074,0.5820259153842926,0,NORMAL
train_1489.png,1,PNEUMONIA,-0.12193600833415985,0.46955370903015137,0.5304462909698486,0,NORMAL
train_1546.png,1,PNEUMONIA,-0.04415147006511688,0.48896390199661255,0.5110360980033875,0,NORMAL
train_1700.png,1,PNEUMONIA,-1.9712767601013184,0.12225180864334106,0.8777481913566589,0,NORMAL
train_1801.png,1,PNEUMONIA,-0.3166094422340393,0.4215022623538971,0.5784977376461029,0,NORMAL
train_1802.png,1,PNEUMONIA,-0.511518120765686,0.3748376965522766,0.6251623034477234,0,NORMAL
train_1838.png,1,PNEUMONIA,-0.9044747352600098,0.28813180327415466,0.7118681967258453,0,NORMAL
train_1906.png,1,PNEUMONIA,-1.300287127494812,0.21411670744419098,0.785883292555809,0,NORMAL
train_2004.png,1,PNEUMONIA,-0.2487534135580063,0.43813031911849976,0.5618696808815002,0,NORMAL
train_2065.png,1,PNEUMONIA,-1.1420578956604004,0.24194271862506866,0.7580572813749313,0,NORMAL
train_2317.png,1,PNEUMONIA,-0.03278137743473053,0.49180537462234497,0.508194625377655,0,NORMAL
train_2361.png,1,PNEUMONIA,-0.19487111270427704,0.45143580436706543,0.5485641956329346,0,NORMAL
train_2401.png,1,PNEUMONIA,-0.3196559548377991,0.4207595884799957,0.5792404115200043,0,NORMAL
train_2487.png,1,PNEUMONIA,-1.6214916706085205,0.16499924659729004,0.83500075340271,0,NORMAL
train_2504.png,1,PNEUMONIA,-1.8377008438110352,0.13732343912124634,0.8626765608787537,0,NORMAL
train_2878.png,1,PNEUMONIA,-1.076226830482483,0.25422072410583496,0.745779275894165,0,NORMAL
train_2973.png,1,PNEUMONIA,-1.498092770576477,0.18271014094352722,0.8172898590564728,0,NORMAL
train_3120.png,1,PNEUMONIA,-1.0726048946380615,0.25490802526474,0.74509197473526,0,NORMAL
train_3125.png,1,PNEUMONIA,-0.18381862342357635,0.454174280166626,0.545825719833374,0,NORMAL
train_3163.png,1,PNEUMONIA,-3.548015594482422,0.02797648496925831,0.9720235150307417,0,NORMAL
train_3211.png,1,PNEUMONIA,-0.5416034460067749,0.36781466007232666,0.6321853399276733,0,NORMAL
train_3240.png,1,PNEUMONIA,-0.4254307150840759,0.3952179551124573,0.6047820448875427,0,NORMAL
train_3341.png,1,PNEUMONIA,-0.8305963277816772,0.30351901054382324,0.6964809894561768,0,NORMAL
train_3370.png,1,PNEUMONIA,-1.0358357429504395,0.26195427775382996,0.73804572224617,0,NORMAL
train_3529.png,1,PNEUMONIA,-0.1624581664800644,0.4594745337963104,0.5405254662036896,0,NORMAL
train_3770.png,1,PNEUMONIA,-0.25518471002578735,0.43654778599739075,0.5634522140026093,0,NORMAL
train_3816.png,1,PNEUMONIA,-1.3948159217834473,0.19864004850387573,0.8013599514961243,0,NORMAL
train_3865.png,1,PNEUMONIA,-1.8351163864135742,0.137629896402359,0.862370103597641,0,NORMAL
train_3959.png,1,PNEUMONIA,-1.2576805353164673,0.22137343883514404,0.778626561164856,0,NORMAL
train_4029.png,1,PNEUMONIA,-1.3737658262252808,0.20201212167739868,0.7979878783226013,0,NORMAL
train_4063.png,1,PNEUMONIA,-1.30796217918396,0.21282804012298584,0.7871719598770142,0,NORMAL
train_4125.png,1,PNEUMONIA,-0.8244531154632568,0.3048192262649536,0.6951807737350464,0,NORMAL
train_4158.png,1,PNEUMONIA,-0.892266571521759,0.29064232110977173,0.7093576788902283,0,NORMAL
train_4170.png,1,PNEUMONIA,-0.42824041843414307,0.39454659819602966,0.6054534018039703,0,NORMAL
train_4264.png,1,PNEUMONIA,-1.8985103368759155,0.13027715682983398,0.869722843170166,0,NORMAL
train_4266.png,1,PNEUMONIA,-0.6015257835388184,0.3539946973323822,0.6460053026676178,0,NORMAL
train_4394.png,1,PNEUMONIA,-1.4607579708099365,0.18835142254829407,0.8116485774517059,0,NORMAL
train_4432.png,1,PNEUMONIA,-0.9084489941596985,0.28731733560562134,0.7126826643943787,0,NORMAL
train_4512.png,1,PNEUMONIA,-0.9217150211334229,0.2846085727214813,0.7153914272785187,0,NORMAL
train_4517.png,1,PNEUMONIA,-3.1799235343933105,0.039928264915943146,0.9600717350840569,0,NORMAL
train_4580.png,1,PNEUMONIA,-1.2596216201782227,0.2210390269756317,0.7789609730243683,0,NORMAL
train_4681.png,1,PNEUMONIA,-1.5589454174041748,0.17379802465438843,0.8262019753456116,0,NORMAL
train_4692.png,1,PNEUMONIA,-2.8988521099090576,0.052210334688425064,0.9477896653115749,0,NORMAL
train_4750.png,1,PNEUMONIA,-0.9159200191497803,0.28578993678092957,0.7142100632190704,0,NORMAL
train_4817.png,1,PNEUMONIA,-3.143203020095825,0.04135993495583534,0.9586400650441647,0,NORMAL
train_4945.png,1,PNEUMONIA,-0.1464189738035202,0.4634605348110199,0.5365394651889801,0,NORMAL
train_5033.png,1,PNEUMONIA,-1.690007209777832,0.15577490627765656,0.8442250937223434,0,NORMAL
train_5056.png,1,PNEUMONIA,-0.40467697381973267,0.4001891314983368,0.5998108685016632,0,NORMAL
train_5062.png,1,PNEUMONIA,-0.11658017337322235,0.4708878993988037,0.5291121006011963,0,NORMAL
train_5100.png,1,PNEUMONIA,-0.7807047963142395,0.3141680359840393,0.6858319640159607,0,NORMAL
train_5133.png,1,PNEUMONIA,-0.4780089259147644,0.382722407579422,0.617277592420578,0,NORMAL
