epoch,train_loss,val_loss,accuracy,precision,recall,f1,auroc,normal_recall,pneumonia_recall,sensitivity,specificity,fn,fp,lr_group_0,lr_group_1,epoch_seconds
1,0.19666024075190341,0.14249297876486042,0.900287631831256,0.9679218967921897,0.895483870967742,0.9302949061662198,0.9687770823302841,0.914179104477612,0.895483870967742,0.895483870967742,0.914179104477612,81,23,0.001,,44.85934400558472
2,0.1238311729091493,0.1154736503887268,0.9060402684563759,0.9721059972105998,0.8993548387096775,0.9343163538873994,0.9757871930669233,0.9253731343283582,0.8993548387096775,0.8993548387096775,0.9253731343283582,78,20,0.001,,34.09822177886963
3,0.11128791450397191,0.10240282626217187,0.909875359539789,0.9789029535864979,0.8980645161290323,0.9367429340511441,0.9803610977371209,0.9440298507462687,0.8980645161290323,0.8980645161290323,0.9440298507462687,79,15,0.001,,38.69797921180725
4,0.10379244688708177,0.09920709293732136,0.9204218600191755,0.9663072776280324,0.9251612903225807,0.9452867501647989,0.9806981222917669,0.9067164179104478,0.9251612903225807,0.9251612903225807,0.9067164179104478,58,25,0.001,,40.876681089401245
5,0.10033745293119614,0.09073428537121556,0.9232981783317353,0.9753761969904241,0.92,0.9468791500664011,0.9833798748194511,0.9328358208955224,0.92,0.92,0.9328358208955224,62,18,0.001,,45.70121908187866
6,0.08994575892167785,0.08974019686619136,0.925215723873442,0.9767441860465116,0.9212903225806451,0.9482071713147411,0.9834280211844006,0.9365671641791045,0.9212903225806451,0.9212903225806451,0.9365671641791045,61,17,0.001,,50.40918016433716
7,0.09465596353710626,0.0869183478625143,0.9204218600191755,0.9765840220385675,0.9148387096774193,0.9447035309793471,0.9847713047664901,0.9365671641791045,0.9148387096774193,0.9148387096774193,0.9365671641791045,66,17,0.001,,42.109814167022705
8,0.08646299373630766,0.0838083904933038,0.9261744966442953,0.9716216216216216,0.927741935483871,0.9491749174917492,0.9852720269619644,0.9216417910447762,0.927741935483871,0.927741935483871,0.9216417910447762,56,21,0.001,,47.82283592224121
9,0.09468864419749964,0.08325067076792768,0.9328859060402684,0.9744279946164199,0.9341935483870968,0.9538866930171278,0.985739046701974,0.9291044776119403,0.9341935483870968,0.9341935483870968,0.9291044776119403,51,19,0.001,,41.75915884971619
10,0.09059597584495949,0.08001938499403137,0.9300095877277086,0.9743243243243244,0.9303225806451613,0.9518151815181518,0.9867886374578719,0.9291044776119403,0.9303225806451613,0.9303225806451613,0.9291044776119403,54,19,0.001,,39.70850491523743
