duplicate_group_id,group_size,train_count,val_count,labels,class_names,normal_count,pneumonia_count,is_mixed_label
dup_group_00554,785,0,785,"0,1","NORMAL,PNEUMONIA",86,699,True
dup_group_00003,88,88,0,"0,1","NORMAL,PNEUMONIA",73,15,True
dup_group_01322,41,41,0,1,PNEUMONIA,0,41,False
dup_group_00993,38,38,0,1,PNEUMONIA,0,38,False
dup_group_00069,18,18,0,"0,1","NORMAL,PNEUMONIA",3,15,True
dup_group_01042,18,18,0,"0,1","NORMAL,PNEUMONIA",1,17,True
dup_group_00070,17,17,0,"0,1","NORMAL,PNEUMONIA",13,4,True
dup_group_01057,16,16,0,1,PNEUMONIA,0,16,False
dup_group_01137,16,16,0,1,PNEUMONIA,0,16,False
dup_group_01367,15,15,0,1,PNEUMONIA,0,15,False
dup_group_01420,14,14,0,1,PNEUMONIA,0,14,False
dup_group_00029,13,13,0,"0,1","NORMAL,PNEUMONIA",8,5,True
dup_group_00115,13,13,0,"0,1","NORMAL,PNEUMONIA",7,6,True
dup_group_00968,13,13,0,"0,1","NORMAL,PNEUMONIA",1,12,True
dup_group_01204,13,13,0,1,PNEUMONIA,0,13,False
dup_group_02878,13,13,0,1,PNEUMONIA,0,13,False
dup_group_00700,12,12,0,"0,1","NORMAL,PNEUMONIA",1,11,True
dup_group_01375,12,12,0,1,PNEUMONIA,0,12,False
dup_group_00989,11,11,0,1,PNEUMONIA,0,11,False
dup_group_01207,11,11,0,1,PNEUMONIA,0,11,False
