file_name,label,fold,prob,pred,threshold
train_3200.png,1,2,0.4989424794912338,0,0.5
train_2803.png,1,1,0.4983855694532394,0,0.5
train_4857.png,1,4,0.4963852986693382,0,0.5
train_4850.png,1,4,0.4902278691530228,0,0.5
train_1769.png,1,4,0.4819806128740311,0,0.5
train_4556.png,1,4,0.4697104036808013,0,0.5
train_3865.png,1,2,0.4685406863689422,0,0.5
train_3949.png,1,3,0.4684663772583008,0,0.5
train_4868.png,1,1,0.4588708057999611,0,0.5
train_1597.png,1,1,0.438194876909256,0,0.5
train_3740.png,1,1,0.4239112347364425,0,0.5
train_3143.png,1,0,0.4207506090402603,0,0.5
train_1618.png,1,1,0.4109054118394851,0,0.5
train_3253.png,1,1,0.406331630051136,0,0.5
train_4040.png,1,3,0.4055515572428703,0,0.5
train_1696.png,1,1,0.3889171227812767,0,0.5
train_4486.png,1,3,0.3885913699865341,0,0.5
train_3748.png,1,1,0.3776479676365852,0,0.5
train_4741.png,1,3,0.3758805736899376,0,0.5
train_4031.png,1,3,0.3751831457018852,0,0.5
train_1802.png,1,4,0.3656230509281158,0,0.5
train_1519.png,1,3,0.3637999556958675,0,0.5
train_4041.png,1,2,0.3620328038930893,0,0.5
train_4861.png,1,3,0.3430767595767975,0,0.5
train_2976.png,1,1,0.3288597524166107,0,0.5
train_1714.png,1,0,0.3142163172364235,0,0.5
train_4713.png,1,0,0.3135490357875823,0,0.5
train_4289.png,1,2,0.3017939791083336,0,0.5
train_1556.png,1,2,0.3007908202707767,0,0.5
train_3770.png,1,1,0.2851817414164543,0,0.5
train_3154.png,1,4,0.2439137302339077,0,0.5
train_1667.png,1,1,0.2286352500319481,0,0.5
train_4685.png,1,4,0.2016052484512329,0,0.5
train_4750.png,1,4,0.1891729399561882,0,0.5
train_3870.png,1,1,0.162594174593687,0,0.5
train_3178.png,1,1,0.1389195255935192,0,0.5
train_3128.png,1,4,0.1341038897633552,0,0.5
train_4692.png,1,4,0.1302902154624462,0,0.5
train_5033.png,1,3,0.1161259926855564,0,0.5
train_4922.png,1,0,0.1017890326678752,0,0.5
