experiment,model,fold,accuracy,balanced_accuracy,f1,auroc,pneumonia_recall,normal_recall,tn,fp,fn,tp,stopped_epoch,best_epoch,best_val_accuracy,best_val_threshold,early_stopped,checkpoint_path
strict_focal_clahe_letterbox_384_5fold,densenet121,0,0.9904397705544933,0.986674748228273,0.9934810951760105,0.9995850428944424,0.9947780678851175,0.9785714285714285,274,6,4,762,15,13,0.9933078393881453,0.661,False,/kaggle/working/best_densenet121_384_fold0.pt
strict_focal_clahe_letterbox_384_5fold,convnext_tiny,0,0.9875717017208413,0.988115441999254,0.9914754098360655,0.9989509511376352,0.9869451697127938,0.9892857142857143,277,3,10,756,8,5,0.9866156787762906,0.38,True,/kaggle/working/best_convnext_tiny_384_fold0.pt
strict_focal_clahe_letterbox_384_5fold,efficientnet_b3,0,0.9847036328871893,0.9872901902275271,0.9894736842105263,0.999123461395002,0.9817232375979112,0.9928571428571429,278,2,14,752,13,10,0.9875717017208413,0.305,True,/kaggle/working/best_efficientnet_b3_384_fold0.pt
strict_focal_clahe_letterbox_384_5fold,densenet121,1,0.9860335195530726,0.9905778894472361,0.9904882688649335,0.9996836701493077,0.9811557788944724,1.0,278,0,15,781,10,7,0.9906890130353817,0.313,True,/kaggle/working/best_densenet121_384_fold1.pt
strict_focal_clahe_letterbox_384_5fold,convnext_tiny,1,0.9860335195530726,0.9858962076569899,0.9905362776025236,0.9996294421749033,0.9861809045226131,0.9856115107913669,274,4,11,785,10,7,0.9916201117318436,0.224,True,/kaggle/working/best_convnext_tiny_384_fold1.pt
strict_focal_clahe_letterbox_384_5fold,efficientnet_b3,1,0.9813780260707635,0.9850963450345251,0.9873096446700508,0.9992091753732693,0.9773869346733668,0.9928057553956835,276,2,18,778,11,8,0.9916201117318436,0.221,True,/kaggle/working/best_efficientnet_b3_384_fold1.pt
strict_focal_clahe_letterbox_384_5fold,densenet121,2,0.9923591212989494,0.9911598779278542,0.9948717948717949,0.9987436581209747,0.9935979513444302,0.9887218045112782,263,3,5,776,15,13,0.9952244508118434,0.264,False,/kaggle/working/best_densenet121_384_fold2.pt
strict_focal_clahe_letterbox_384_5fold,convnext_tiny,2,0.9923591212989494,0.9899203835452909,0.9948783610755442,0.9989843366418608,0.9948783610755442,0.9849624060150376,262,4,4,777,9,6,0.9933142311365807,0.64,True,/kaggle/working/best_convnext_tiny_384_fold2.pt
strict_focal_clahe_letterbox_384_5fold,efficientnet_b3,2,0.9914040114613181,0.9892801786797338,0.994234465086483,0.9990565401981265,0.9935979513444302,0.9849624060150376,262,4,5,776,13,10,0.9933142311365807,0.563,True,/kaggle/working/best_efficientnet_b3_384_fold2.pt
strict_focal_clahe_letterbox_384_5fold,densenet121,3,0.9903846153846154,0.9909917091836735,0.9935979513444302,0.9994519292091837,0.9897959183673469,0.9921875,254,2,8,776,11,8,0.9913461538461539,0.469,True,/kaggle/working/best_densenet121_384_fold3.pt
strict_focal_clahe_letterbox_384_5fold,convnext_tiny,3,0.989423076923077,0.9890385841836735,0.9929622520793346,0.9995565609056123,0.9897959183673469,0.98828125,253,3,8,776,8,5,0.9932692307692308,0.663,True,/kaggle/working/best_convnext_tiny_384_fold3.pt
strict_focal_clahe_letterbox_384_5fold,efficientnet_b3,3,0.989423076923077,0.9890385841836735,0.9929622520793346,0.9990782445790817,0.9897959183673469,0.98828125,253,3,8,776,14,11,0.9884615384615385,0.452,True,/kaggle/working/best_efficientnet_b3_384_fold3.pt
strict_focal_clahe_letterbox_384_5fold,densenet121,4,0.9861248761149654,0.9881471920011474,0.990578734858681,0.9995594894175015,0.983957219251337,0.9923371647509579,259,2,12,736,15,12,0.9930624380574826,0.215,True,/kaggle/working/best_densenet121_384_fold4.pt
strict_focal_clahe_letterbox_384_5fold,convnext_tiny,4,0.9900891972249752,0.9920682484069907,0.9932795698924731,0.9995082672567459,0.9879679144385026,0.9961685823754789,260,1,9,739,14,11,0.9920713577799801,0.381,True,/kaggle/working/best_convnext_tiny_384_fold4.pt
strict_focal_clahe_letterbox_384_5fold,efficientnet_b3,4,0.981169474727453,0.9823104267830434,0.9872053872053872,0.9988526235990739,0.9799465240641712,0.9846743295019157,257,4,15,733,11,8,0.9871159563924677,0.362,True,/kaggle/working/best_efficientnet_b3_384_fold4.pt
