model,fold,checkpoint,output_shape
DenseNet121,0,/kaggle/input/datasets/hyunwoo11/checkpoint384/best_densenet121_384_fold0.pt,"[2, 1]"
DenseNet121,1,/kaggle/input/datasets/hyunwoo11/checkpoint384/best_densenet121_384_fold1.pt,"[2, 1]"
DenseNet121,2,/kaggle/input/datasets/hyunwoo11/checkpoint384/best_densenet121_384_fold2.pt,"[2, 1]"
DenseNet121,3,/kaggle/input/datasets/hyunwoo11/checkpoint384/best_densenet121_384_fold3.pt,"[2, 1]"
DenseNet121,4,/kaggle/input/datasets/hyunwoo11/checkpoint384/best_densenet121_384_fold4.pt,"[2, 1]"
ConvNeXt,0,/kaggle/input/datasets/hyunwoo11/checkpoint384/best_convnext_384_fold0.pt,"[2, 1]"
ConvNeXt,1,/kaggle/input/datasets/hyunwoo11/checkpoint384/best_convnext_384_fold1.pt,"[2, 1]"
ConvNeXt,2,/kaggle/input/datasets/hyunwoo11/checkpoint384/best_convnext_384_fold2.pt,"[2, 1]"
ConvNeXt,3,/kaggle/input/datasets/hyunwoo11/checkpoint384/best_convnext_384_fold3.pt,"[2, 1]"
ConvNeXt,4,/kaggle/input/datasets/hyunwoo11/checkpoint384/best_convnext_384_fold4.pt,"[2, 1]"
EfficientNet,0,/kaggle/input/datasets/hyunwoo11/checkpoint384/best_efficientnet_384_fold0.pt,"[2, 1]"
EfficientNet,1,/kaggle/input/datasets/hyunwoo11/checkpoint384/best_efficientnet_384_fold1.pt,"[2, 1]"
EfficientNet,2,/kaggle/input/datasets/hyunwoo11/checkpoint384/best_efficientnet_384_fold2.pt,"[2, 1]"
EfficientNet,3,/kaggle/input/datasets/hyunwoo11/checkpoint384/best_efficientnet_384_fold3.pt,"[2, 1]"
EfficientNet,4,/kaggle/input/datasets/hyunwoo11/checkpoint384/best_efficientnet_384_fold4.pt,"[2, 1]"
