file_name,true_label,true_class,pred_label,pred_class,probability_NORMAL,probability_PNEUMONIA,confidence,loss,duplicate_group_id,class_name
train_0010.png,0,NORMAL,1,PNEUMONIA,0.46669530868530273,0.5333046317100525,0.5333046317100525,0.7620787024497986,dup_group_00554,NORMAL
train_0020.png,0,NORMAL,1,PNEUMONIA,0.4334084689617157,0.5665915012359619,0.5665915012359619,0.836074709892273,dup_group_00554,NORMAL
train_0168.png,0,NORMAL,1,PNEUMONIA,0.4272087514400482,0.5727912187576294,0.5727912187576294,0.8504824638366699,dup_group_00554,NORMAL
train_0452.png,0,NORMAL,1,PNEUMONIA,0.21368230879306793,0.7863176465034485,0.7863176465034485,1.5432649850845337,dup_group_00351,NORMAL
train_0727.png,0,NORMAL,1,PNEUMONIA,0.31088751554489136,0.6891124844551086,0.6891124844551086,1.1683241128921509,dup_group_00554,NORMAL
train_0741.png,0,NORMAL,1,PNEUMONIA,0.22222788631916046,0.777772068977356,0.777772068977356,1.504051923751831,dup_group_00554,NORMAL
train_0801.png,0,NORMAL,1,PNEUMONIA,0.2159997969865799,0.7840002179145813,0.7840002179145813,1.532477855682373,dup_group_00605,NORMAL
train_0829.png,0,NORMAL,1,PNEUMONIA,0.28885865211486816,0.7111412882804871,0.7111412882804871,1.241817831993103,dup_group_00626,NORMAL
train_0842.png,0,NORMAL,1,PNEUMONIA,0.23498059809207916,0.765019416809082,0.765019416809082,1.4482522010803223,dup_group_00554,NORMAL
train_0846.png,0,NORMAL,1,PNEUMONIA,0.009957446716725826,0.9900425672531128,0.9900425672531128,4.609434604644775,dup_group_00636,NORMAL
train_1088.png,0,NORMAL,1,PNEUMONIA,0.03390020504593849,0.9660997986793518,0.9660997986793518,3.3843343257904053,dup_group_00808,NORMAL
train_1230.png,0,NORMAL,1,PNEUMONIA,0.14090272784233093,0.8590972423553467,0.8590972423553467,1.9596854448318481,dup_group_00554,NORMAL
train_1332.png,0,NORMAL,1,PNEUMONIA,0.02967229299247265,0.9703276753425598,0.9703276753425598,3.5175414085388184,dup_group_00973,NORMAL
train_1337.png,0,NORMAL,1,PNEUMONIA,0.05741247162222862,0.9425875544548035,0.9425875544548035,2.8574936389923096,dup_group_00554,NORMAL
train_1338.png,0,NORMAL,1,PNEUMONIA,0.20268844068050385,0.797311544418335,0.797311544418335,1.5960853099822998,dup_group_00554,NORMAL
