epoch,train_loss,val_loss,accuracy,precision,recall,sensitivity_pneumonia_recall,specificity_normal_recall,f1,auroc,pr_auc,fn,fp,lr,epoch_seconds
1,0.319501684197927,0.2441327529722755,0.9079578139980825,0.944954128440367,0.9303225806451613,0.9303225806451613,0.8432835820895522,0.9375812743823146,0.9573567645642753,0.9854408074023755,54,42,0.001,26.806670665740967
2,0.2659643127239496,0.28602509187714825,0.8744007670182167,0.9849397590361446,0.8438709677419355,0.8438709677419355,0.9626865671641791,0.9089645587213343,0.9734857968223399,0.9909334931660847,121,10,0.001,16.62751293182373
3,0.23907224257629953,0.40240589373147656,0.8139980824544583,0.7997936016511867,1.0,1.0,0.27611940298507465,0.8887614678899083,0.9836109773712084,0.9942978725765694,0,194,0.001,16.422911405563354
4,0.20531805118524912,0.13908361482111628,0.9511025886864813,0.9701298701298702,0.9638709677419355,0.9638709677419355,0.914179104477612,0.9669902912621359,0.9869764082811748,0.9955945430745292,28,23,0.001,16.191683530807495
5,0.20684833430055516,0.2931778412187259,0.8715244487056567,0.8533627342888643,0.9987096774193548,0.9987096774193548,0.503731343283582,0.920332936979786,0.9854212806933077,0.9949550870252615,1,133,0.001,15.469914197921753
6,0.18337667284931977,0.9276880861670688,0.7459252157238735,0.7451923076923077,1.0,1.0,0.011194029850746268,0.8539944903581267,0.9664251324025036,0.987170851655203,0,265,0.001,15.616703748703003
7,0.17592768940655928,0.1379526679404973,0.9463087248322147,0.9638709677419355,0.9638709677419355,0.9638709677419355,0.8955223880597015,0.9638709677419355,0.9853779489648531,0.995058655614764,28,28,0.0005,15.266934156417847
8,0.14194382776780978,0.33827124167247546,0.8648130393096836,0.8460698689956332,1.0,1.0,0.47388059701492535,0.9166173861620343,0.9868127106403466,0.9952093999342795,0,141,0.0005,16.1115665435791
9,0.137422186191951,0.10355522420725223,0.9530201342281879,0.978891820580475,0.9574193548387097,0.9574193548387097,0.9402985074626866,0.9680365296803652,0.9941454020221473,0.998011714380515,33,16,0.0005,15.903475284576416
10,0.15784224314874462,0.1849907512482111,0.9213806327900288,0.9052631578947369,0.9987096774193548,0.9987096774193548,0.6977611940298507,0.9496932515337423,0.9921425132402504,0.9972534997601201,1,81,0.0005,15.392118692398071
11,0.14300302820663616,0.13364895289426282,0.9443911792905082,0.9904240766073872,0.9341935483870968,0.9341935483870968,0.9738805970149254,0.9614873837981408,0.9947616754935003,0.9981791817370109,51,7,0.0005,16.008058547973633
12,0.1241148514425386,0.13295022845946874,0.9463087248322147,0.990450204638472,0.9367741935483871,0.9367741935483871,0.9738805970149254,0.9628647214854111,0.9934472797303803,0.9977502327091645,49,7,0.00025,15.606323719024658
13,0.12013828878333578,0.086887617723852,0.9693192713326941,0.9805950840879689,0.9780645161290322,0.9780645161290322,0.9440298507462687,0.979328165374677,0.9939672604718344,0.997884692871376,17,15,0.00025,15.158747911453247
14,0.12424454317943044,0.12621233997546621,0.950143815915628,0.9392466585662211,0.9974193548387097,0.9974193548387097,0.8134328358208955,0.967459324155194,0.9949398170438131,0.998234707917398,2,50,0.00025,15.262768030166626
15,0.11395322914435485,0.10055656662618889,0.962607861936721,0.9554455445544554,0.9961290322580645,0.9961290322580645,0.8656716417910447,0.9753632343651295,0.9951324025036109,0.9983054774714533,3,36,0.00025,15.04360318183899
16,0.1018909774912602,0.11634961975165148,0.9558964525407478,0.9596469104665826,0.9819354838709677,0.9819354838709677,0.8805970149253731,0.9706632653061225,0.9886374578719308,0.9958585696372524,14,32,0.000125,15.991373062133789
17,0.09441426597141031,0.0778599235658692,0.9664429530201343,0.9881266490765171,0.9664516129032258,0.9664516129032258,0.9664179104477612,0.9771689497716894,0.9960568127106403,0.998631945542353,26,9,0.000125,15.260634899139404
18,0.09377510477506426,0.07070759059602354,0.9769894534995206,0.9807938540332907,0.9883870967741936,0.9883870967741936,0.9440298507462687,0.9845758354755784,0.9960471834376505,0.9986248589516526,9,15,0.000125,15.558730602264404
19,0.10321247729071319,0.0734819987733435,0.9702780441035475,0.9806201550387597,0.9793548387096774,0.9793548387096774,0.9440298507462687,0.9799870884441575,0.995387578237843,0.9983557766921374,16,15,0.000125,16.233030557632446
20,0.09722524136840482,0.09526315022327814,0.959731543624161,0.9932705248990579,0.952258064516129,0.952258064516129,0.9813432835820896,0.9723320158102767,0.9961242176215697,0.9986571449861108,37,5,0.000125,15.786832094192505
21,0.09282040063237333,0.08138997525566954,0.9712368168744008,0.9685534591194969,0.9935483870967742,0.9935483870967742,0.9067164179104478,0.9808917197452229,0.9958642272508427,0.9985870037948179,5,25,6.25e-05,15.275798082351685
22,0.09729674686815008,0.0809732042136937,0.9645254074784276,0.9893899204244032,0.9625806451612903,0.9625806451612903,0.9701492537313433,0.9758011772400261,0.9955512758786712,0.9984271269421721,29,8,6.25e-05,15.572339296340942
23,0.08855247525589774,0.06794782293101456,0.975071907957814,0.9844760672703752,0.9819354838709677,0.9819354838709677,0.9552238805970149,0.9832041343669251,0.9966490129995185,0.9988526950600707,14,12,6.25e-05,15.558913469314575
